{
    "typography": {
        "name": "custom-page-typography-2",
        "title": {
            "font-weight": "400",
            "font-size": 4.5,
            "line-height": "1_1",
            "margin-top": 20,
            "margin-bottom": 20,
            "SM": {
                "font-size": 3.75
            },
            "XS": {
                "font-size": 3
            }
        },
        "subtitle": {
            "font-weight": "400",
            "font-size": 2.25,
            "line-height": "1_1",
            "margin-top": 20,
            "margin-bottom": 20,
            "XS": {
                "font-size": 1.5
            }
        },
        "h1": {
            "font-size": 3.75,
            "line-height": "1_1",
            "margin-top": 20,
            "margin-bottom": 20,
            "XS": {
                "font-size": 2.25
            },
            "font-weight": 700,
            "font-style": "",
            "text-decoration": "",
            "text-transform": "",
            "letter-spacing": "",
            "text-color": "palette-2-base",
            "border-color": "",
            "border-style": "",
            "color": "",
            "border": "",
            "button-shape": "",
            "border-radius": "",
            "underline": "",
            "gradient": "",
            "list-icon-src": "",
            "list-icon-spacing": "0.3",
            "list-icon-size": "0.8",
            "font": "Montserrat, sans-serif"
        },
        "h2": {
            "font-weight": "400",
            "font-size": 2.25,
            "line-height": "1_1",
            "margin-top": 20,
            "margin-bottom": 20,
            "XS": {
                "font-size": 1.5
            }
        },
        "h3": {
            "font-weight": "400",
            "font-size": 1.875,
            "line-height": "1_2",
            "margin-top": 20,
            "margin-bottom": 20,
            "XS": {
                "font-size": 1.5
            }
        },
        "h4": {
            "font-weight": "400",
            "font-size": 1.5,
            "line-height": "1_2",
            "margin-top": 20,
            "margin-bottom": 20
        },
        "h5": {
            "font-weight": "400",
            "font-size": 1.25,
            "line-height": "1_2",
            "margin-top": 20,
            "margin-bottom": 20
        },
        "h6": {
            "font-weight": "400",
            "font-size": 1.125,
            "line-height": "1_2",
            "margin-top": 20,
            "margin-bottom": 20
        },
        "largeText": {
            "font-size": 1.25,
            "margin-top": 20,
            "margin-bottom": 20
        },
        "smallText": {
            "font-size": 0.875,
            "margin-top": 20,
            "margin-bottom": 20
        },
        "text": {
            "margin-top": 20,
            "margin-bottom": 20,
            "font-size": 1.125,
            "font-weight": "",
            "font-style": "",
            "text-decoration": "",
            "text-transform": "",
            "line-height": 1.6,
            "letter-spacing": 1,
            "text-color": "",
            "border-color": "",
            "border-style": "",
            "color": "",
            "border": "",
            "button-shape": "",
            "border-radius": "",
            "underline": "",
            "gradient": "",
            "list-icon-src": "",
            "list-icon-spacing": "0.3",
            "list-icon-size": "0.8",
            "font": ""
        },
        "hyperlink": {
            "text-color": "palette-1-base"
        },
        "link": {},
        "button": {
            "color": "palette-1-base",
            "margin-top": 20,
            "margin-bottom": 20
        },
        "blockquote": {
            "font-style": "italic",
            "indent": 20,
            "border": 4,
            "border-color": "palette-1-base",
            "margin-top": 20,
            "margin-bottom": 20
        },
        "metadata": {
            "margin-top": 20,
            "margin-bottom": 20
        },
        "list": {
            "margin-top": 20,
            "margin-bottom": 20
        },
        "orderedlist": {
            "margin-top": 20,
            "margin-bottom": 20
        },
        "postContent": {
            "margin-top": 20,
            "margin-bottom": 20
        },
        "theme": {
            "gradient": "",
            "image": ""
        },
        "htmlBaseSize": 16
    },
    "fontScheme": {
        "name": "Montserrat-OpenSans",
        "isDefault": true,
        "fonts": {
            "heading": "Montserrat, sans-serif",
            "text": "Open Sans, sans-serif",
            "accent": "Arial, sans-serif",
            "headingTitle": "Montserrat",
            "textTitle": "Open Sans"
        }
    },
    "colorScheme": {
        "bodyColors": [
            "#111111",
            "#ffffff"
        ],
        "bgColor": "#ffffff",
        "colors": [
            "#4b7de1",
            "#e72c66",
            "#f1c50e",
            "#04b7c4",
            "#b9c1cc"
        ],
        "shadingContrast": "body-alt-color",
        "whiteContrast": "body-color",
        "bgContrast": "body-color",
        "name": "u10"
    }
}